deepak,6,,1461400643651,1461400643830,1461400644051,1461400644204,1461400644372,1461400644457,1461400645469,1461400645649,1461400645842,1461400645985,1461400646133,1461400646203,1461400647285,1461400647463,1461400647641,1461400647818,1461400647971,1461400648061,1461400648921,1461400649106,1461400649297,1461400649481,1461400649629,1461400649641,1461400650670,1461400650850,1461400651048,1461400651201,1461400651360,1461400651459,1461400652259,1461400652429,1461400652649,1461400652792,1461400652983,1461400653079
aman,4,,1461423701726,1461423701819,1461423701893,1461423702092,1461423703008,1461423703079,1461423703186,1461423703250,1461423703786,1461423703854,1461423704008,1461423704032,1461423704634,1461423704663,1461423704838,1461423704945,1461423705551,1461423705624,1461423705769,1461423705842,1461423706359,1461423706422,1461423706554,1461423706608
complex,7,,1461423854701,1461423854871,1461423854902,1461423855156,1461423855219,1461423855314,1461423855582,1461423856490,1461423856675,1461423856702,1461423856939,1461423856991,1461423857062,1461423857527,1461423858099,1461423858263,1461423858335,1461423858564,1461423858638,1461423858696,1461423858958,1461423859517,1461423859664,1461423859743,1461423859968,1461423860037,1461423860157,1461423860433,1461423861204,1461423861357,1461423861419,1461423861634,1461423861679,1461423861807,1461423862106,1461423863310,1461423863446,1461423863516,1461423863737,1461423863787,1461423863869,1461423864120
mine,15,,1461424012634,1461424012865,1461424013129,1461424013312,1461424013432,1461424013564,1461424013711,1461424013841,1461424014102,1461424014245,1461424014400,1461424014635,1461424014873,1461424015041,1461424015179,1461424015719,1461424015965,1461424016259,1461424016486,1461424016683,1461424016807,1461424016981,1461424017219,1461424017451,1461424017620,1461424017758,1461424017991,1461424018233,1461424018417,1461424018551,1461424019443,1461424019665,1461424019957,1461424020138,1461424020267,1461424020401,1461424020542,1461424020707,1461424020970,1461424021185,1461424021348,1461424021582,1461424021814,1461424021977,1461424022129,1461424022838,1461424023077,1461424023348,1461424023544,1461424023688,1461424023835,1461424024026,1461424024183,1461424024566,1461424024745,1461424024964,1461424025343,1461424025577,1461424025784,1461424025925,1461424026574,1461424026806,1461424027077,1461424027267,1461424027401,1461424027520,1461424027659,1461424027805,1461424028089,1461424028229,1461424028448,1461424028832,1461424029048,1461424029203,1461424029357,1461424030277,1461424030527,1461424030810,1461424031055,1461424031208,1461424031313,1461424031459,1461424031623,1461424031890,1461424032064,1461424032224,1461424032508,1461424032727,1461424032846,1461424032954
dummy,13,,1461424285165,1461424285251,1461424285473,1461424285667,1461424285984,1461424286117,1461424286193,1461424286914,1461424286763,1461424287201,1461424287338,1461424287394,1461424287547,1461424289481,1461424289547,1461424289787,1461424289979,1461424290318,1461424290372,1461424290469,1461424291521,1461424291601,1461424291849,1461424292037,1461424292099,1461424292298,1461424293108,1461424293259,1461424293975,1461424294015,1461424294045,1461424294230,1461424294189,1461424294832,1461424295003,1461424295228,1461424295442,1461424295582,1461424295779,1461424296421,1461424296560,1461424296789,1461424297006,1461424297335,1461424297455,1461424297568,1461424298301,1461424298490,1461424298733,1461424298955,1461424299052,1461424299241,1461424299930,1461424300043,1461424300278,1461424300498,1461424300950,1461424301108,1461424301223,1461424301744,1461424301911,1461424302138,1461424302368,1461424302462,1461424302656,1461424303712,1461424303806,1461424304047,1461424304316,1461424304522,1461424304645,1461424304737,1461424305532,1461424305692,1461424305920,1461424306153,1461424306229,1461424306424
123,8,,1461424965045,1461424965238,1461424965438,1461424965647,1461424966210,1461424966574,1461424966798,1461424967011,1461424967773,1461424967962,1461424968156,1461424968343,1461424968743,1461424968949,1461424969246,1461424969456,1461424969985,1461424970188,1461424970387,1461424970594,1461424971149,1461424971349,1461424971604,1461424971784,1461424972694,1461424972899,1461424973101,1461424973318,1461424973870,1461424974088,1461424974341,1461424974535,1461424975262,1461424975446,1461424975661,1461424975879,1461424976206,1461424976400,1461424976656,1461424976830,1461424977615,1461424977794,1461424977999,1461424978252,1461424978621,1461424978818,1461424979110,1461424979283
abc,6,,1461425197661,1461425197764,1461425198005,1461425198331,1461425198515,1461425198705,1461425200068,1461425200174,1461425200393,1461425200723,1461425200905,1461425201099,1461425201952,1461425202091,1461425202297,1461425202712,1461425202899,1461425203091,1461425203881,1461425204035,1461425204244,1461425204612,1461425204792,1461425204968,1461425205716,1461425205861,1461425206086,1461425206479,1461425206668,1461425206854,1461425207763,1461425207883,1461425208108,1461425208594,1461425208781,1461425208970
test,8,,1462095533125,1462095533293,1462095533498,1462095533673,1462095533925,1462095534108,1462095534322,1462095534498,1462095535214,1462095535378,1462095535560,1462095535727,1462095535923,1462095536099,1462095536318,1462095536495,1462095536940,1462095537122,1462095537315,1462095537478,1462095537717,1462095537907,1462095538123,1462095538285,1462095538681,1462095538845,1462095539037,1462095539226,1462095539431,1462095539661,1462095539850,1462095540308,1462095541200,1462095541376,1462095541555,1462095541718,1462095541982,1462095542174,1462095542439,1462095542606,1462095543088,1462095543255,1462095543445,1462095543630,1462095543862,1462095544018,1462095544218,1462095544398
test1,8,,1462095661684,1462095661840,1462095662249,1462095662437,1462095662777,1462095662953,1462095663286,1462095663466,1462095664311,1462095664484,1462095664822,1462095664998,1462095665361,1462095665522,1462095665867,1462095666035,1462095666796,1462095666956,1462095667254,1462095667422,1462095667751,1462095667928,1462095668247,1462095668415,1462095669063,1462095669215,1462095669527,1462095669715,1462095670064,1462095670228,1462095670598,1462095670754,1462095671626,1462095671771,1462095672149,1462095672335,1462095672647,1462095672818,1462095673160,1462095673321,1462095674164,1462095674325,1462095674661,1462095674852,1462095675182,1462095675350,1462095675713,1462095675896
test2,5,,1462096137164,1462096137257,1462096137434,1462096137541,1462096137731,1462096138320,1462096138371,1462096138586,1462096138718,1462096139111,1462096139821,1462096139869,1462096140047,1462096140138,1462096140457,1462096141317,1462096141405,1462096141632,1462096141777,1462096142032,1462096143161,1462096143253,1462096143472,1462096143578,1462096143779,1462096144788,1462096144841,1462096145056,1462096145140,1462096145521
test3,7,,1462096294648,1462096294742,1462096294844,1462096294913,1462096295492,1462096295613,1462096295705,1462096296368,1462096296417,1462096296526,1462096296818,1462096297252,1462096297370,1462096297446,1462096298488,1462096298575,1462096298670,1462096298942,1462096299310,1462096299443,1462096299540,1462096300334,1462096300435,1462096300500,1462096300868,1462096301274,1462096301359,1462096301508,1462096302272,1462096302331,1462096302430,1462096302602,1462096303018,1462096303122,1462096303224,1462096304400,1462096304452,1462096304554,1462096304750,1462096305285,1462096305398,1462096305475
test4,4,,1462096520490,1462096521205,1462096521965,1462096522659,1462096524251,1462096524950,1462096525577,1462096526302,1462096528060,1462096528780,1462096529481,1462096530165,1462096532227,1462096532880,1462096533573,1462096534165,1462096535768,1462096536447,1462096537146,1462096537803,1462096539477,1462096540110,1462096540761,1462096541342
test5,5,,1462096932333,1462096932725,1462096932789,1462096933350,1462096933424,1462096933631,1462096934649,1462096935090,1462096935117,1462096935644,1462096935772,1462096935980,1462096937491,1462096937870,1462096937897,1462096938497,1462096938635,1462096938848,1462096939715,1462096940256,1462096940260,1462096940854,1462096940997,1462096941216,1462096942084,1462096942487,1462096942502,1462096943252,1462096943324,1462096943529,1462096944548,1462096944998,1462096945016,1462096945644,1462096945707,1462096945957
test6,4,,1462176584470,1462176584913,1462176585455,1462176585954,1462176587015,1462176587512,1462176588000,1462176588497,1462176589690,1462176590144,1462176590709,1462176591266,1462176592790,1462176593286,1462176593834,1462176594330,1462176595557,1462176596054,1462176596763,1462176597224,1462176601367,1462176601825,1462176602320,1462176602849
test7,5,,1462177482485,1462177482817,1462177483130,1462177483263,1462177483495,1462177484236,1462177484534,1462177484840,1462177484993,1462177485205,1462177485984,1462177486316,1462177486644,1462177486809,1462177487027,1462177487717,1462177488056,1462177488349,1462177488495,1462177488703,1462177489319,1462177489627,1462177490037,1462177490185,1462177490476,1462177491188,1462177491432,1462177491756,1462177491901,1462177492092
aaa,5,,1462177775579,1462177775645,1462177775702,1462177775850,1462177775929,1462177777452,1462177777522,1462177777585,1462177777718,1462177777754,1462177779162,1462177779228,1462177779312,1462177779443,1462177779454,1462177781096,1462177781160,1462177781222,1462177781363,1462177781379,1462177782706,1462177782776,1462177782836,1462177782969,1462177783011,1462177784632,1462177784694,1462177784751,1462177784876,1462177784948
deepak1,6,,1462178206088,1462178206284,1462178206437,1462178206563,1462178206673,1462178206704,1462178207421,1462178207665,1462178207811,1462178207873,1462178208037,1462178208068,1462178208879,1462178209051,1462178209222,1462178209335,1462178209454,1462178209514,1462178210192,1462178210385,1462178210592,1462178210715,1462178210858,1462178210900,1462178212236,1462178212387,1462178212582,1462178212710,1462178212839,1462178212903,1462178214074,1462178214244,1462178214408,1462178214553,1462178214680,1462178214742
test8,14,,1462181761986,1462181762186,1462181762403,1462181762838,1462181762993,1462181763241,1462181764006,1462181764125,1462181764487,1462181765119,1462181766154,1462181766387,1462181766587,1462181767275,1462181773660,1462181773856,1462181774057,1462181774504,1462181774828,1462181775040,1462181775527,1462181775700,1462181776062,1462181776471,1462181777346,1462181777591,1462181777776,1462181777990,1462181781437,1462181784374,1462181782297,1462181781843,1462181782851,1462181781616,1462181784526,1462181784855,1462181785189,1462181786467,1462181786982,1462181787159,1462181787489,1462181791131,1462181791372,1462181791690,1462181792061,1462181792405,1462181792808,1462181793367,1462181793561,1462181793907,1462181794460,1462181795224,1462181795568,1462181795744,1462181795980,1462181798198,1462181798363,1462181798569,1462181799028,1462181799244,1462181799463,1462181800204,1462181800325,1462181800683,1462181801023,1462181801657,1462181802021,1462181802211,1462181802525,1462181804702,1462181804906,1462181805152,1462181805620,1462181805890,1462181806113,1462181806614,1462181806762,1462181807099,1462181807522,1462181808171,1462181808460,1462181808648,1462181808809
test9,4,,1462181957253,1462181957818,1462181958373,1462181958958,1462181959999,1462181960549,1462181961118,1462181961734,1462181962762,1462181963313,1462181963872,1462181964433,1462181965414,1462181965920,1462181966504,1462181967030,1462181967935,1462181968459,1462181969017,1462181969711,1462181970892,1462181971450,1462181971992,1462181972639
test10,15,,1462182163566,1462182163875,1462182164160,1462182164399,1462182164593,1462182164791,1462182164948,1462182165102,1462182165361,1462182165603,1462182165742,1462182166063,1462182166271,1462182166447,1462182166571,1462182167199,1462182167470,1462182167768,1462182167975,1462182168146,1462182168260,1462182168464,1462182168671,1462182168900,1462182169114,1462182169298,1462182169513,1462182169748,1462182169922,1462182170065,1462182170578,1462182170885,1462182171201,1462182171515,1462182171706,1462182171839,1462182172039,1462182172159,1462182172495,1462182172722,1462182172827,1462182173102,1462182173327,1462182173540,1462182173692,1462182174357,1462182174648,1462182174961,1462182175202,1462182175341,1462182175485,1462182175705,1462182175795,1462182175983,1462182176249,1462182176396,1462182176648,1462182176834,1462182176986,1462182177120,1462182177717,1462182178064,1462182178706,1462182178918,1462182179052,1462182179177,1462182179343,1462182179586,1462182179812,1462182180027,1462182180164,1462182180405,1462182180620,1462182180810,1462182180930,1462182181488,1462182181769,1462182182077,1462182182301,1462182182417,1462182182628,1462182182782,1462182182942,1462182183138,1462182183395,1462182183557,1462182183724,1462182183893,1462182184043,1462182184185
test11,6,,1462183796532,1462183796736,1462183796905,1462183797024,1462183797176,1462183797228,1462183798710,1462183798907,1462183799082,1462183799150,1462183799326,1462183799390,1462183800359,1462183800574,1462183800746,1462183800810,1462183800992,1462183801080,1462183802086,1462183802281,1462183802458,1462183802601,1462183802769,1462183802837,1462183803727,1462183803938,1462183804087,1462183804167,1462183804364,1462183804454,1462183805364,1462183805550,1462183805718,1462183805866,1462183806047,1462183806082
test12,6,,1462263472770,1462263472927,1462263473092,1462263473219,1462263473373,1462263473408,1462263474687,1462263474858,1462263475026,1462263475147,1462263475308,1462263475340,1462263476511,1462263476691,1462263476864,1462263476978,1462263477137,1462263477200,1462263478338,1462263478500,1462263478678,1462263478780,1462263478922,1462263479011,1462263483153,1462263483384,1462263483537,1462263483697,1462263483822,1462263483918,1462263487629,1462263487800,1462263487968,1462263488106,1462263488223,1462263488317
aishwarya2,8,,1462270327996,1462270326697,1462270328625,1462270327879,1462270328392,1462270332889,1462270332995,1462270333166,1462270333373,1462270333449,1462270333734,1462270333786,1462270334015,1462270334798,1462270335007,1462270335162,1462270335400,1462270335514,1462270335801,1462270335851,1462270336077,1462270336721,1462270336826,1462270336954,1462270337174,1462270337250,1462270337521,1462270337578,1462270337794,1462270338860,1462270338958,1462270339146,1462270339369,1462270339888,1462270340183,1462270340199,1462270340428,1462270341068,1462270341272,1462270341429,1462270341652,1462270341717,1462270341990,1462270342042,1462270342266,1462270343042,1462270343206,1462270343451,1462270343679,1462270344070,1462270344309,1462270344366,1462270344576
aish,8,,1462270543591,1462270543823,1462270544303,1462270544628,1462270545020,1462270545351,1462270545580,1462270545862,1462270548396,1462270548716,1462270548966,1462270549264,1462270549430,1462270549804,1462270550035,1462270550331,1462270551610,1462270551872,1462270552127,1462270552405,1462270552655,1462270552994,1462270553231,1462270553539,1462270554723,1462270555001,1462270555236,1462270555558,1462270555834,1462270556143,1462270556347,1462270556620,1462270557616,1462270557859,1462270558102,1462270558359,1462270558655,1462270558963,1462270559096,1462270559381,1462270560632,1462270560873,1462270561114,1462270561385,1462270561590,1462270561944,1462270562065,1462270562354
test13,6,,1462363577895,1462363578006,1462363578236,1462363578399,1462363578951,1462363579005,1462363579820,1462363579997,1462363580291,1462363580448,1462363580890,1462363580949,1462363581753,1462363581929,1462363582240,1462363582359,1462363582858,1462363582917,1462363583731,1462363583925,1462363584178,1462363584387,1462363584857,1462363584902,1462363585724,1462363585790,1462363586048,1462363586394,1462363587036,1462363587080,1462363587980,1462363588115,1462363588358,1462363588575,1462363589041,1462363589093
test14,6,,1462364219314,1462364219506,1462364219727,1462364219830,1462364220024,1462364220326,1462364220978,1462364221237,1462364221527,1462364221663,1462364221865,1462364222066,1462364222826,1462364222976,1462364223266,1462364223402,1462364223699,1462364223970,1462364224721,1462364224843,1462364225088,1462364225238,1462364225484,1462364225723,1462364226455,1462364226555,1462364226853,1462364227021,1462364227287,1462364227516,1462364228400,1462364228522,1462364228837,1462364228983,1462364229288,1462364229480
ritesh,6,,1470675578110,1470675578336,1470675578618,1470675578867,1470675579144,1470675579376,1470675581061,1470675581369,1470675581649,1470675581913,1470675582194,1470675582487,1470675583584,1470675583896,1470675584199,1470675584442,1470675584721,1470675584969,1470675585904,1470675586212,1470675586500,1470675586805,1470675587062,1470675587296,1470675588626,1470675588924,1470675589179,1470675589444,1470675589716,1470675589974,1470675590921,1470675591237,1470675591535,1470675591802,1470675592097,1470675592348
ritesh123,8,,1470675732284,1470675732440,1470675732788,1470675732988,1470675733284,1470675733445,1470675733749,1470675733941,1470675734985,1470675735145,1470675735433,1470675735612,1470675735920,1470675736093,1470675736376,1470675736597,1470675737296,1470675737469,1470675737738,1470675737924,1470675738230,1470675738431,1470675738708,1470675738905,1470675739711,1470675739875,1470675740180,1470675740360,1470675740621,1470675740805,1470675741093,1470675741275,1470675742031,1470675742184,1470675742456,1470675742644,1470675742966,1470675743144,1470675743440,1470675743604,1470675744362,1470675744523,1470675744871,1470675745043,1470675745364,1470675745539,1470675745842,1470675746011
bingo,3,,1470675896882,1470675897190,1470675897552,1470675899409,1470675899768,1470675900088,1470675901341,1470675901705,1470675902031,1470675903131,1470675903478,1470675903828,1470675904926,1470675905289,1470675905623,1470675906847,1470675907199,1470675907523
test15,4,,1470676060443,1470676061090,1470676061736,1470676062446,1470676063769,1470676064365,1470676065073,1470676065793,1470676067237,1470676067901,1470676068637,1470676069408,1470676070937,1470676071662,1470676072354,1470676073146,1470676074825,1470676075489,1470676076257,1470676077033,1470676078662,1470676079366,1470676080056,1470676080820
test16,9,,1470676277651,1470676277848,1470676278236,1470676278612,1470676278792,1470676279011,1470676279145,1470676279345,1470676279597,1470676281248,1470676281427,1470676281795,1470676282239,1470676282425,1470676282874,1470676283050,1470676283270,1470676283486,1470676284558,1470676284735,1470676285088,1470676285557,1470676285741,1470676285960,1470676286096,1470676286309,1470676286457,1470676288055,1470676288284,1470676288735,1470676289151,1470676289346,1470676289598,1470676289714,1470676289918,1470676290094,1470676291219,1470676291419,1470676291796,1470676292250,1470676292423,1470676292698,1470676292858,1470676293062,1470676293287,1470676294303,1470676294487,1470676294903,1470676295342,1470676295539,1470676295909,1470676296182,1470676296412,1470676296605
apek,6,,1474094980382,1474094980528,1474094981385,1474094982694,1474094982906,1474094983352,1474094984731,1474094984888,1474094984986,1474094985149,1474094985375,1474094985493,1474094986393,1474094986582,1474094986707,1474094986889,1474094987096,1474094987245,1474094987507,1474094988465,1474094989056,1474094989309,1474094989615,1474094990452,1474094990637,1474094990770,1474094992313,1474094992486,1474094992572,1474094992741,1474094992922,1474094993051,1474094994222,1474094994453,1474094994581,1474094994752,1474094994963,1474094995083
lolwa,5,,1474096425284,1474096425423,1474096425598,1474096425852,1474096426108,1474096426650,1474096426804,1474096427002,1474096427395,1474096427669,1474096428292,1474096428441,1474096428641,1474096428891,1474096429200,1474096429812,1474096429954,1474096430166,1474096430416,1474096430736,1474096431492,1474096431647,1474096431863,1474096432255,1474096432472,1474096433251,1474096433392,1474096433603,1474096433808,1474096434159
deepu,5,,1474096716524,1474096716583,1474096716753,1474096716961,1474096717026,1474096718405,1474096718444,1474096718638,1474096718901,1474096718965,1474096720357,1474096720386,1474096720574,1474096720856,1474096720889,1474096722103,1474096722152,1474096722355,1474096722601,1474096722642,1474096723819,1474096723870,1474096724076,1474096724337,1474096724391,1474096725644,1474096725690,1474096725889,1474096726155,1474096726170
shirley,8,,1474096869538,1474096869724,1474096869904,1474096870722,1474096870910,1474096871106,1474096871967,1474096872125,1474096873778,1474096873954,1474096874132,1474096874779,1474096874965,1474096875148,1474096875736,1474096875908,1474096877084,1474096877255,1474096877430,1474096878051,1474096878263,1474096878446,1474096879112,1474096879289,1474096882039,1474096882201,1474096882379,1474096882998,1474096883191,1474096883382,1474096884009,1474096884197,1474096885471,1474096885635,1474096885837,1474096886516,1474096886697,1474096886885,1474096887556,1474096887736,1474096890629,1474096890810,1474096890985,1474096891646,1474096891833,1474096892027,1474096892780,1474096892976
hottie,6,,1474097128428,1474097128615,1474097128805,1474097129067,1474097129265,1474097129456,1474097131027,1474097131209,1474097131405,1474097131657,1474097131848,1474097132048,1474097133148,1474097133334,1474097133541,1474097133794,1474097133983,1474097134189,1474097135186,1474097135392,1474097135600,1474097135878,1474097136058,1474097136242,1474097137299,1474097137490,1474097137679,1474097137932,1474097138127,1474097138318,1474097139347,1474097139548,1474097139736,1474097139999,1474097140187,1474097140380
hack,9,,1474097509062,1474097509065,1474097509080,1474097509488,1474097509494,1474097509502,1474097509901,1474097509911,1474097509918,1474097512409,1474097512434,1474097512442,1474097512842,1474097512863,1474097512872,1474097513311,1474097513329,1474097513337,1474097515487,1474097515500,1474097515513,1474097515941,1474097515952,1474097515973,1474097516390,1474097516421,1474097516430,1474097521974,1474097521995,1474097522016,1474097522457,1474097522481,1474097522506,1474097522925,1474097522951,1474097522962,1474097524923,1474097524945,1474097524962,1474097525423,1474097525446,1474097525467,1474097525911,1474097525927,1474097525920,1474097527987,1474097528024,1474097528031,1474097528470,1474097528479,1474097528492,1474097528971,1474097528985
hari,4,,1474097757298,1474097757870,1474097757477,1474097762320,1474097762620,1474097763138,1474097765997,1474097766036,1474097766452,1474097767941,1474097768096,1474097768254,1474097768685,1474097771044,1474097771198,1474097771369,1474097771886,1474097773109,1474097773292,1474097773454,1474097773884,1474097775109
srihari,7,,1474097868023,1474097868196,1474097868305,1474097868796,1474097869001,1474097869099,1474097869275,1474097870126,1474097870353,1474097870498,1474097870849,1474097871019,1474097871111,1474097871318,1474097872311,1474097872590,1474097872760,1474097873072,1474097873242,1474097873325,1474097873582,1474097874596,1474097874830,1474097874986,1474097875330,1474097875535,1474097875644,1474097875883,1474097877216,1474097877586,1474097877772,1474097878205,1474097878401,1474097878493,1474097878731,1474097879463,1474097879717,1474097879894,1474097880448,1474097880633,1474097880728,1474097880999
apeksha,7,,1474107996846,1474107996998,1474107997267,1474107997381,1474107997631,1474107997688,1474107997888,1474107999194,1474107999307,1474107999610,1474107999772,1474107999959,1474108000124,1474108000275,1474108001279,1474108001408,1474108001664,1474108001766,1474108001998,1474108002115,1474108002315,1474108003788,1474108003957,1474108004196,1474108004322,1474108004539,1474108004674,1474108004841,1474108005782,1474108005904,1474108006175,1474108006296,1474108006480,1474108006630,1474108006815,1474108007900,1474108008039,1474108008320,1474108008503,1474108008703,1474108008856,1474108009036
